ID,Company,Country,Year,Covid,CEO,Communication_type,Leadership_context,Information_valence,Comment,Text,Sentiment_status,P_positive,P_neutral,P_negative,Sentiment_label,Sentiment_score,Token_count,Chunk_count,CEO_analysis
DEU25A100,adidas,DEU,2025,False,Bjørn Gulden,Interview_quote,MARKET,Neutral/Mixed,"Opening pull quote about the brand’s global potential. Prospective opportunity, not a realized outcome.",The global potential for adidas is almost unlimited,scored,0.45792630314826965,0.5327776670455933,0.009296029806137085,neutral,0.44863027334213257,9,1,False
DEU25A201,adidas,DEU,2025,False,Bjørn Gulden,Interview_question,MARKET,,"Asks about a memorable sports event, centering the sporting context of the brand.","Bjørn, 2025 was quite an eventful year, to say the least. Before we move to the business side, what was your most memorable sports moment last year?",scored,0.08846969902515411,0.89188152551651,0.019648699089884758,neutral,0.06882099993526936,37,1,False
DEU25A202,adidas,DEU,2025,False,Bjørn Gulden,Interview_quote,MARKET,Neutral/Mixed,"Brand presence through athletes, products and sports events. Favorable praise does not establish a specific realized improvement.","Given the huge amount of great sports events on small or larger stages throughout the year, it wouldn’t be fair to call out just one. When people come together to do sports, this is always fantastic. I think it’s fair to say that, for our brand, there were many events where we showed up both with our athletes and our products that were great. It was definitely a great sports year for our company.",scored,0.28133928775787354,0.6978290677070618,0.02083168737590313,neutral,0.2605076003819704,86,1,False
DEU25A301,adidas,DEU,2025,False,Bjørn Gulden,Interview_question,PERF,,Requests a retrospective assessment of business performance in 2025.,"Turning to the business, how would you summarize 2025?",scored,0.02961311675608158,0.9410531520843506,0.029333682730793953,neutral,0.0002794340252876282,14,1,False
DEU25A302,adidas,DEU,2025,False,Bjørn Gulden,Interview_quote,PERF,Positive,"Reviews achieved goals, faster-than-expected progress and two years of double-digit growth, supported by category successes.","I am very happy and proud of what our people have achieved. I am very happy when you look at our progress over the last three years, it’s gone faster than we expected in many areas. In early 2023, we laid out what we thought we had to do over the next four years. 2025 was the third year, and we already achieved many of the goals we set ourselves. We first had growth in the Lifestyle area, especially driven by footwear, through which we created a lot of brand heat globally. We have gotten credibility in Performance again, also in categories where we thought that the road was longer. The development in Running – especially on the high end – has been great. In Football, we’ve taken back market leadership, and in Basketball, we have innovation and product that I think people didn’t believe we can do that quickly. Our visibility in sports – both in big global sports and smaller local sports – has grown enormously. The fact that we have grown double digits for two consecutive years now and achieved double-digit growth all over the world in 2025 shows you the enormous power of this brand.",scored,0.7775349020957947,0.2113143503665924,0.011150750331580639,positive,0.766384151764214,231,1,False
DEU25A401,adidas,DEU,2025,False,Bjørn Gulden,Interview_question,PERF,,Asks for the drivers of already achieved business success.,What’s driving this very broad success in your opinion?,scored,0.11283385753631592,0.874869167804718,0.012296905741095543,neutral,0.10053695179522038,12,1,False
DEU25A402,adidas,DEU,2025,False,Bjørn Gulden,Interview_quote,MARKET,Positive,Explains brand strength and local relevance. Reports restored global credibility as a sports brand.,"First of all, credit to the fantastic brand and company we work for. The global potential for adidas is almost unlimited because we have 76 years of history, and we have so many stories to tell. While the brand has been culturally relevant in all our markets, we are now also back as a sports brand all over the world. The combination of the awareness, the history, the cultural relevance, and the performance credibility is quite unique. And becoming a global brand with a local mindset has been a huge enabler across all of this. The brand is strong, and we have very good and talented people that are utilizing the strength of the brand in the local markets. It’s now up to us how we leverage this in the right way, both in the short term and the long term.",scored,0.5955803990364075,0.3937203288078308,0.010699288919568062,positive,0.5848811101168394,161,1,False
DEU25A501,adidas,DEU,2025,False,Bjørn Gulden,Interview_question,MARKET,,Asks about global brand positioning and adaptation to local markets.,Can you help us understand what ‘global brand with a local mindset’ means?,scored,0.16996735334396362,0.8214186429977417,0.00861402228474617,neutral,0.16135333105921745,17,1,False
DEU25A502,adidas,DEU,2025,False,Bjørn Gulden,Interview_quote,MARKET,Neutral/Mixed,Explains differing consumer preferences and local brand execution. No clear favorable or adverse realized outcome.,"In a global world where information flows very quickly, you could believe that the choice of consumers is the same everywhere. But it clearly isn’t. We see that different markets have different developments when it comes to taste. The markets are more conscious of their own culture, meaning that the choice of the product, the usage of the product, the meaning of what sport is, are different. I can’t force the consumer in China to buy the same product as in Norway. And we all know the difference between Europe and America when it comes to the sports that are relevant. We need to please the consumer where he or she is, all within the frame of the brand. We need to have a global frame that defines what adidas is, and how we should utilize the brand and have a vision for it. But then how we execute that in the different regions has to be different to be successful. We should still be a sports brand at our core, and we should be utilizing the strength of sports into local culture. And then, of course, there are lifestyle, fashion, and comfort elements to take into account.",scored,0.062009092420339584,0.9136002659797668,0.02439071424305439,neutral,0.037618378177285194,226,1,False
DEU25A601,adidas,DEU,2025,False,Bjørn Gulden,Interview_question,MARKET,,Asks which products stand out in the global and local product offering.,"If we look at the overall product offering last year across global and local, what are the products that you want to call out?",scored,0.05103959143161774,0.9324505925178528,0.016509853303432465,neutral,0.03452973812818527,26,1,False
DEU25A602,adidas,DEU,2025,False,Bjørn Gulden,Interview_quote,MARKET,Positive,"Reviews product and category successes, renewed appeal to young women and expansion from footwear into apparel.","With the Samba, the Gazelle, and the Spezial, we really brought the brand back to the young female consumer. This isn’t something that happens quickly, it’s built over time, and it’s very, very strong still. Then, I would call out how we extended the popularity of the Three Stripes from footwear to apparel. When you look at the sequence of that, it actually happened exactly that way. Running is another call-out, because it was the most difficult category for us to establish ourselves in at the top. Our teams have done a tremendous job, creating what – in my opinion – are the best running shoes. Once you have credibility at the top, winning marathons and setting records, it’s easier to be commercially successful in everyday running and comfort running products. And that is, of course, the plan. I could also call out the Predator in Football, the Adizero Dropset in Training, or so many other examples of great products in our Performance categories. I can’t point to one product or one segment. I am extremely proud to see what the teams have done. How creative and innovative we have been across the teams and categories. How the consumers have reacted to it the last three years showcases how good this brand is and the people behind it.",scored,0.18605808913707733,0.7984434366226196,0.015498509630560875,neutral,0.17055957950651646,267,1,False
DEU25A701,adidas,DEU,2025,False,Bjørn Gulden,Interview_question,MARKET,,"Focuses on the pet collection, its market reception and potential extension into new product territory.",One of the things that you haven’t mentioned is the pet collection that has caught quite some attention globally after being launched in China. Are you trying to expand into new territories here?,scored,0.20459523797035217,0.7846990823745728,0.010705677792429924,neutral,0.19388956017792225,37,1,False
DEU25A702,adidas,DEU,2025,False,Bjørn Gulden,Interview_quote,MARKET,Positive,Describes a local product-range extension that developed from a marketing initiative into a business.,"I had nothing to do with that because that idea, of course, came from our China team. They used the popularity of adidas to extend the range. I would say it’s a local marketing tool that has suddenly become a business. Again, it shows the creativity of the team. It shows that our teams on the ground know their consumers and what matters to them most. And it shows the impact of good ideas.",scored,0.2662516236305237,0.7211793661117554,0.012568969279527664,neutral,0.253682654350996,86,1,False
DEU25A801,adidas,DEU,2025,False,Bjørn Gulden,Interview_question,MARKET,,Asks about product-range visibility and availability through retail distribution.,You mentioned in the past that it will take time for the improved and expanded product range to become fully visible in the trade. Where are you with that?,scored,0.1583334505558014,0.8284143209457397,0.01325225830078125,neutral,0.14508119225502014,31,1,False
DEU25A802,adidas,DEU,2025,False,Bjørn Gulden,Interview_quote,MARKET,Neutral/Mixed,Retail distribution dominates. Strong retailer adoption and progress coexist with insufficient shelf space and limited running distribution.,"It’s different from market to market. It’s obvious with the success of lifestyle footwear that many retailers wanted it very quickly and adopted it. But there are categories where we still don’t have the space we believe we should. We do think we are competitive, and there are many markets where we should be able to increase our space in the store and on the shelf. But as always, the retailers decide on who they allocate space to. If they do that rationally, they will allocate space to those who give them the highest contribution per square meter, and we think we can do that. We made huge progress in the last three years, but if you look at running for example, there are places around the world where we still have very little distribution, which again shows the huge opportunity we have in our hands.",scored,0.22974565625190735,0.7585506439208984,0.011703766882419586,neutral,0.21804188936948776,172,1,False
DEU25A901,adidas,DEU,2025,False,Bjørn Gulden,Interview_question,MARKET,,Asks how retailer collaboration affects assortment and in-store brand presentation.,How did listening to the retail partners and working closer with them change the assortment and how the brand shows up in the stores?,scored,0.054151009768247604,0.9203552007675171,0.025493768975138664,neutral,0.02865724079310894,25,1,False
DEU25A902,adidas,DEU,2025,False,Bjørn Gulden,Interview_quote,MARKET,Positive,"Retailer collaboration dominates. Reports improved processes, flexibility and speed, supported by retailer feedback.","For me, listening to our retail partners is crucial. If you sit in headquarters and decide what should be in all the stores around the world, it’s simply not going to work. We have an open dialogue with consumers, with athletes, and with our retailers across the different markets. Our market teams have been very active in engaging with our retailers, and we have opened all our creation centers to work with them. We’ve seen improvements in that process, but it can always be better. We are getting very positive feedback from the retailers on the way we work, and how the flexibility and the speed of our creation teams have improved. We are on a very, very good way of giving this fantastic adidas brand the right platform to be market leader in many markets.",scored,0.6672633290290833,0.3202700912952423,0.012466601096093655,positive,0.6547967279329896,156,1,False
DEU25A1001,adidas,DEU,2025,False,Bjørn Gulden,Interview_question,MARKET,,Asks about the role of global and local sports partnerships in promoting the brand.,"What has also grown is the roster of partners around the world, from global partners like Liverpool FC to more local ones like Penn State or Gilas Pilipinas, the national basketball team of the Philippines. What role do these partners play for adidas?",scored,0.06784233450889587,0.9189106822013855,0.013246959075331688,neutral,0.054595375433564186,51,1,False
DEU25A1002,adidas,DEU,2025,False,Bjørn Gulden,Interview_quote,MARKET,Neutral/Mixed,Explains partnerships as brand marketing and ongoing investment. No specific realized improvement or deterioration is established.,"If you don’t showcase the brand with relevant partners, it will disappear over time. Our philosophy is that adidas should be visible and relevant. There are certain sports and partners that are very global, like football and Liverpool, and there are partners that are very local. Authentic partnerships that give us organic visibility are more important than paid media campaigns. That’s why we are investing a lot in partnerships, both globally and locally – not only in sports, but in whatever is culturally relevant for the consumer in the different markets. It can be in fashion, it can be in music, and it can be in other areas that the consumer thinks is relevant.",scored,0.09507551044225693,0.8869839310646057,0.017940521240234375,neutral,0.07713498920202255,132,1,False
DEU25A1101,adidas,DEU,2025,False,Bjørn Gulden,Interview_question,MARKET,,"Asks about the motorsports category, its commercial reception and upcoming activity.",2025 saw the return of adidas into motorsports. How did that go and what’s going to happen next?,scored,0.03915909305214882,0.9321088790893555,0.02873203530907631,neutral,0.01042705774307251,24,1,False
DEU25A1102,adidas,DEU,2025,False,Bjørn Gulden,Interview_quote,MARKET,Positive,Reviews motorsport partnerships and products. Reports commercial success above expectations and favorable launch reception.,"F1 is growing globally when it gets to viewership. And the viewership is getting younger and younger and they’re both female and male. We made the decision to team up with the Mercedes AMG Petronas F1 team very quickly, and our team did an unbelievable job launching it. I think we went from handshake to having products in the markets in under ten months. We now have one year behind us commercially, and it’s been more successful than anybody expected. We have also added Audi Revolut and have just launched their first collection, so that means we will have two teams for the upcoming season, and the reaction has been great. With fans buying both merchandise and lifestyle products inspired by F1, there are big opportunities to expand our business in the future.",scored,0.6680188775062561,0.3181414306163788,0.013839691877365112,positive,0.654179185628891,158,1,False
DEU25A1201,adidas,DEU,2025,False,Bjørn Gulden,Interview_question,PEOPLE,,Asks why organizational changes were required to bring teams closer to markets and consumers.,You made some organizational changes in 2025 in order to move closer to markets and consumers. Why were those changes required?,scored,0.07533346861600876,0.879794716835022,0.044871795922517776,neutral,0.030461672693490982,24,1,False
DEU25A1202,adidas,DEU,2025,False,Bjørn Gulden,Interview_quote,PEOPLE,Neutral/Mixed,Organizational decentralization dominates. Stronger regional capabilities and local success coexist with headquarters role reductions.,"Given the uncertainty when it comes to the geopolitical situation and the unstable environment we operate in, getting closer to the consumer and making sure that we work with the markets has become even more important. So, we have strengthened our creative resources in the different regions and given the markets more freedom in developing products, signing partners, and doing activations. I think the biggest success story that we can show here is China. Firstly, our Chinese teams have a lot of creative people. Secondly, they have factories next door, so they can design, develop, and source product on a shorter lead time. Also, given the mono-branded retail environment, where we have around 8,000 adidas branded stores – even if they are operated by wholesale partners – that gives us a different value chain to work with. Empowering our markets to use their local setup to win the local consumer is a key reason for our current success. And our global teams, of course, support it. But this means we also had to change our structures and processes to reflect the reality of how we work, leading to changes and role reductions at our headquarters in Herzogenaurach. It is very important for me to ensure that all changes are carried out with the utmost respect and care for all employees. But there’s no choice. In order to be successful long-term, we need to be agile and on our toes to be able to react as quickly as possible to changes. And this means we have to put decision-making as close as we can to where these decisions need to be made.",scored,0.4137628376483917,0.5716629028320312,0.014574313536286354,neutral,0.39918852411210537,318,1,False
DEU25A1301,adidas,DEU,2025,False,Bjørn Gulden,Interview_question,MARKET,,Asks about industry competition and the attractiveness of the sporting-goods market.,You’ve been in this industry for many years. How has the competitive landscape changed and how attractive is the sporting goods industry today?,scored,0.10908839851617813,0.8723976612091064,0.018513929098844528,neutral,0.0905744694173336,27,1,False
DEU25A1302,adidas,DEU,2025,False,Bjørn Gulden,Interview_quote,MARKET,Neutral/Mixed,"Assesses industry competition and consumer trends. More competitors coexist with greater brand awareness, while growth expectations remain prospective.","It depends on what time period you look at. If you go back to the beginning of my time in the industry, European brands were dominating. Then we had the American brands coming up, that was the first big change. Now we are seeing specialist brands coming up, focusing on just one or two categories, and local players trying to go global. So the amount of competitors has increased. But the awareness and the positiveness towards adidas has also increased. We are in a very, very attractive industry, because sports in all its dimensions will continue to grow. I also think on the lifestyle side that casualization will never stop, and I strongly believe that more and more people will be wearing sports shoes across all age groups because they’re the most comfortable choice. All of this is of course very good for us, because we are in many markets, we are in multiple categories, we have 76 years of history we can build on, and we have all the resources to continue our success. So, I see a very positive industry development for us for the future. Moving closer to the consumer locally is key to enabling our ability to successfully compete with all other brands.",scored,0.6459782123565674,0.342573344707489,0.011448455974459648,positive,0.6345297563821077,235,1,False
DEU25A1401,adidas,DEU,2025,False,Bjørn Gulden,Interview_question,STRAT,,"Despite noting past market-share gains, the main question concerns future expansion potential.",adidas’ market share is significantly higher than it was three years ago. How much more potential is there to increase the market share?,scored,0.7647293210029602,0.22723372280597687,0.008036910556256771,positive,0.7566924104467034,27,1,False
DEU25A1402,adidas,DEU,2025,False,Bjørn Gulden,Interview_quote,STRAT,Neutral/Mixed,"Sets ambitions to double the US business and gain market leadership elsewhere. These are future objectives, not achieved results.","The potential is different from market to market, depending on what the starting point is. But if you look at our biggest competitor and its size compared to ours, then that should be answer enough. I can’t see any market where we cannot gain substantial share over time. Given our relatively low market share in the US, we have the ambition to double our business there. I just think we need to be more American and that’s what we’re trying to do. The American team needs to invest in what is relevant for America. Outside of the US we have the ambition of being market leader in all markets. That doesn’t mean that we will be it, but we should have the ambition. And we need to understand what we need to do in every market to achieve this ambition.",scored,0.17240141332149506,0.8145734667778015,0.013025060296058655,neutral,0.1593763530254364,161,1,False
DEU25A1501,adidas,DEU,2025,False,Bjørn Gulden,Interview_question,STRAT,,Asks about expected future brand and business outcomes from the 2026 World Cup.,The US is a good segue to the next question. The FIFA World Cup 2026 will be a huge event and a great platform. What are your expectations for the brand and the business?,scored,0.07526557892560959,0.911085844039917,0.013648535124957561,neutral,0.06161704380065203,39,1,False
DEU25A1502,adidas,DEU,2025,False,Bjørn Gulden,Interview_quote,MARKET,Positive,World Cup products and brand relevance dominate. Reports increased football interest and favorable initial product reception alongside future plans.,"The World Cup is always a great event. It is the biggest sports event when it comes to viewership all over the world. Football is the DNA of our brand, and being market leader, it is of huge importance to adidas. And it’s a great platform to take football as a sport and highlight the cultural relevance of it. That’s why the collection this year is so much wider than it’s been before. We clearly see that there is a football interest in fashion and lifestyle that we have never seen before. We will focus on connecting to the US consumer, the Mexican consumer, and the Canadian consumer. So far, the reaction to what we have showcased, and our first product launches has been great. Aside from business, I really believe that the World Cup can be a game changer when it comes to where the world is going, given the positive feelings that these events bring. I strongly believe that sports is one of the few things that brings us all together. Let’s hope that the World Cup will strengthen some of the conversations that are going on to create peace again.",scored,0.607047975063324,0.3817249536514282,0.011227073147892952,positive,0.595820901915431,223,1,False
DEU25A1601,adidas,DEU,2025,False,Bjørn Gulden,Interview_question,STRAT,,Asks for 2026 priorities and the objectives that would define success.,"Other than the World Cup, what does success for adidas look like this year? What are your priorities for 2026?",scored,0.04233241453766823,0.9299734830856323,0.02769411727786064,neutral,0.014638297259807587,25,1,False
DEU25A1602,adidas,DEU,2025,False,Bjørn Gulden,Interview_quote,STRAT,Neutral/Mixed,"Outlines 2026 growth priorities and planned improvements to people, execution and processes. Outcomes remain prospective.","2026 is a year where we will continue the momentum that we have. There is no doubt that the potential of this brand in this attractive market is to continue to grow a couple of billions every year. To do that on a consistent basis, we need to keep developing our people and keep working on the way we execute. Not only in front of the consumer, where we are very successful already. But also in the way we work. Just like athletes, we will continue to work hard on us, we will continue to adapt our processes to the changing environment so that we become an even better company and keep building an even stronger platform for the future.",scored,0.8276427388191223,0.16431483626365662,0.008042420260608196,positive,0.8196003185585141,131,1,False
DEU25A1701,adidas,DEU,2025,False,Bjørn Gulden,Interview_question,STRAT,,Directly asks about the company’s plans and goals for coming years.,"Talking about the future, what are your plans and goals for adidas in the coming years?",scored,0.0487210750579834,0.9365057349205017,0.014773169532418251,neutral,0.03394790552556515,19,1,False
DEU25A1702,adidas,DEU,2025,False,Bjørn Gulden,Interview_quote,STRAT,Neutral/Mixed,"Sets future market-share and leadership ambitions, supported by talent and consumer focus. No new realized outcome is reported.","I believe the next couple of years should show that adidas can take market leadership in a lot more markets. I think that we will continue to outgrow the industry and take more market share, utilizing the strength of our brand, our resources, our authenticity, our innovation, and our creativity. And to do that, we need to be dedicated to our consumers and attract, develop, and keep the best people. Because I think in this world where we talk a lot about AI and the tools that can make us better, we are still a people business. We should never forget that the athlete is a person, the consumer is a person, and the employee is a person. adidas is a great company to work with and to work for, and we are obsessed about fulfilling the needs of consumers and athletes.",scored,0.16905218362808228,0.8176373839378357,0.013310425914824009,neutral,0.15574175771325827,164,1,False
DEU25A1801,adidas,DEU,2025,False,Bjørn Gulden,Interview_question,PEOPLE,,Asks about the CEO’s personal goals and leadership aspirations.,Last question: What are your personal goals for 2026 and beyond?,scored,0.030483795329928398,0.9420358538627625,0.027480369433760643,neutral,0.003003425896167755,14,1,False
DEU25A1802,adidas,DEU,2025,False,Bjørn Gulden,Interview_quote,PEOPLE,Neutral/Mixed,Focuses on the CEO’s personal motivation and leadership commitment. Positive feelings and aspirations are not realized business outcomes.,"I enjoy what I do, also doing a lot of sports. I have a lot of energy for this great job, a lot of passion for this fantastic brand, and I feel extremely privileged in what I do. So, my goal really is just to continue the great journey we are on, give this brand what it deserves, and get this company to where it belongs.",scored,0.2168135792016983,0.7699404358863831,0.013245977461338043,neutral,0.20356760174036026,75,1,False
DEU25A1901,adidas,DEU,2025,,Bjørn Gulden,Question,,,Interviewer question. Not coded as CEO communication.,Last question: What are your personal goals for 2026 and beyond?,scored,0.030483795329928398,0.9420358538627625,0.027480369433760643,neutral,0.003003425896167755,14,1,False
DEU25A1902,adidas,DEU,2025,,Bjørn Gulden,Interview,PEOPLE,Neutral/Mixed,Focuses on the CEO’s personal motivation and leadership commitment. Positive feelings and aspirations are not realized business outcomes.,"I enjoy what I do, also doing a lot of sports. I have a lot of energy for this great job, a lot of passion for this fantastic brand, and I feel extremely privileged in what I do. So, my goal really is just to continue the great journey we are on, give this brand what it deserves, and get this company to where it belongs.",scored,0.2168135792016983,0.7699404358863831,0.013245977461338043,neutral,0.20356760174036026,75,1,False
DEU25P100,puma,DEU,2025,False,Arthur Hoeld,Letter,STRAT,Neutral/Mixed,"Sets a strategic reset and future global-brand, growth and profit ambitions. Supplied PDF begins on report page 6; preceding CEO-letter text is missing.","That is why we made 2025 a year of reset and realigned our strategy. The aim is to establish PUMA as a Top 3 sports brand worldwide, return to above industry growth and create healthy profits in the medium term. PUMA will become one global sports brand with global product ranges and global storytelling across markets.",scored,0.8465244770050049,0.14667277038097382,0.006802750751376152,positive,0.8397217262536287,65,1,False
DEU25P200,puma,DEU,2025,False,Arthur Hoeld,Letter,MARKET,Neutral/Mixed,"Explains intended brand positioning, product storytelling and distribution improvements; expected consumer response remains prospective.","In doing so, we want to follow the winning principles of a leading sports brand. PUMA must be clearly positioned as a brand, the product development and storytelling processes must be better integrated, and the sales and go-to-market processes must be actively managed. With attractive products, exciting product stories and distribution in the right channels, we will be able to once again make our customers and consumers excited about PUMA.",scored,0.8001384139060974,0.19209493696689606,0.007766664028167725,positive,0.7923717498779297,84,1,False
DEU25P300,puma,DEU,2025,False,Arthur Hoeld,Letter,MARKET,Neutral/Mixed,Describes distribution-channel changes and reduced discounting to improve brand desirability. No realized improvement is established.,"To make PUMA less commercial, we have decided to withdraw from wholesale channels that damage our brand’s desirability. In doing so, we are also reducing sales promotion measures such as discounts in our own DTC business. At the same time, we will further develop our sales channel mix to aim for a higher DTC share and bring PUMA closer to the industry average.",scored,0.874669075012207,0.10967915505170822,0.01565181463956833,positive,0.8590172603726387,78,1,False
DEU25P400,puma,DEU,2025,False,Arthur Hoeld,Letter,MARKET,Neutral/Mixed,"Outlines product icons, category priorities and storytelling plans; expected commercial benefits remain prospective.","In our product strategy, PUMA will focus on better positioning its various product icons. We firmly believe that PUMA, with its extensive archive, has a clear opportunity to better establish its product icons, such as the PUMA Suede. Within our categories, we will prioritise Football, Running, Training and Sportstyle Select/Prime. At the same time, we have created a structure for 2025 to better align the processes for product development and storytelling. This will enable us to create authentic and effective product stories that will convince both our wholesale partners and consumers.",scored,0.51264888048172,0.47894492745399475,0.008406121283769608,positive,0.5042427591979504,114,1,False
DEU25P500,puma,DEU,2025,False,Arthur Hoeld,Letter,PEOPLE,Negative,Workforce reductions dominate the concrete information: around 500 roles cut in 2025 and a further 900 planned. Cost optimization does not erase the adverse employment outcome.,"In 2025, we also took important steps to optimise our cost base, eliminate operational inefficiencies and reduce the number of new items introduced each season. The optimisation of our cost base also includes the decision to cut a further 900 office positions worldwide by the end of 2026, following the reduction of around 500 positions in 2025.",scored,0.016262486577033997,0.0348975732922554,0.9488399624824524,negative,-0.9325774759054184,73,1,False
DEU25P600,puma,DEU,2025,False,Arthur Hoeld,Letter,STRAT,Neutral/Mixed,"Expresses confidence in the reset and an expected return to growth after 2026, without a realized recovery.","Despite the challenges I have just described, I firmly believe in PUMA’s potential and successful future. I am convinced that with the reset in 2025, we have set the right course to return to growth after the transition year of 2026.",scored,0.9187893271446228,0.0695323497056961,0.011678304523229599,positive,0.9071110226213932,50,1,False
DEU25P700,puma,DEU,2025,False,Arthur Hoeld,Letter,STAKE,Neutral/Mixed,Thanks employees and multiple external partners and governance stakeholders for support; no directional outcome is specified.,"My thanks go to our employees, wholesale partners, suppliers, brand ambassadors and athletes who have been a part of PUMA in 2025. I’m also very grateful to our Supervisory Board for their support in implementing PUMA’s reset.",scored,0.7127819061279297,0.2761593759059906,0.01105872169137001,positive,0.7017231844365597,49,1,False
DEU25P800,puma,DEU,2025,False,Arthur Hoeld,Letter,STAKE,Neutral/Mixed,Expresses gratitude to shareholders for their trust and support.,"I would also like to thank you, dear shareholders, for your trust and support for the path we have chosen.",scored,0.7645066380500793,0.22507604956626892,0.010417317971587181,positive,0.7540893200784922,23,1,False
JPN25P100,asics,JPN,2025,False,Yasuhito Hirota,Message,STRAT,Neutral/Mixed,Opening statement sets a future ambition to become the leading global sports brand.,Aiming to be the No. 1 Global Sports Brand,scored,0.6386674046516418,0.3521926999092102,0.00913997646421194,positive,0.6295274281874299,10,1,False
JPN25P200,asics,JPN,2025,False,Yasuhito Hirota,Message,PERF,Positive,"Reports five consecutive years of revenue and profit growth and record sales, operating profit and margin.","In 2025, strong growth continued, making it a year in which we felt we ascended to an even higher stage of evolution. From a financial perspective, we achieved revenue and profit growth for the fifth consecutive year. Net sales exceeded ¥800.0 billion, operating profit surpassed ¥140.0 billion, and operating margin reached 17.6%, all marking record highs. The operating margin stands at a top-class level within the industry, and we expect continued revenue and profit growth in 2026.",scored,0.9568668603897095,0.028061315417289734,0.015071827918291092,positive,0.9417950324714184,103,1,False
JPN25P300,asics,JPN,2025,False,Yasuhito Hirota,Message,PERF,Positive,"Reviews realized category growth, sales exceeding ¥100.0 billion and high profitability, alongside stronger brand positioning.","Rather than viewing performance on a single-year basis, I aim to steadily deliver stronger results year by year as part of our long-term growth trajectory. Looking at 2025 from this perspective, initiatives in the Performance Running category, which has long been the driving force of ASICS, progressed steadily toward achieving the No. 1 share of shoes worn at major marathons. In addition, the SportStyle and Onitsuka Tiger categories have grown into major pillars supporting overall performance. Net sales for both categories exceeded ¥100.0 billion for the first time, and their profitability remains exceptionally high, giving me strong confidence that they will drive our future growth. Onitsuka Tiger in particular has strengthened its brand presence in Europe and is beginning to establish its position as a luxury lifestyle brand that is not reliant on short-term trends.",scored,0.9464997053146362,0.04148447513580322,0.012015841901302338,positive,0.9344838634133339,168,1,False
JPN25P400,asics,JPN,2025,False,Yasuhito Hirota,Message,MARKET,Positive,Brand promotion and the METASPEED RAY launch dominate. Reports favorable consumer feedback and improved brand perception.,"It was also a year in which we laid the groundwork for further growth. Positioning 2025 as the “Year of JAPAN,” we leveraged events such as the World Athletics Championships Tokyo 25 to communicate the ASICS brand both within Japan and globally. We also launched METASPEED RAY, our lightest model in the shoe line, which received strong feedback such as “I didn’t know shoes could be this light,” and “They’ve changed the way I view ASICS,” providing a significant catalyst for elevating the brand.",scored,0.7171441912651062,0.27310946583747864,0.009746302850544453,positive,0.7073978884145617,112,1,False
JPN25P500,asics,JPN,2025,False,Yasuhito Hirota,Message,STRAT,Positive,"Reports completed acquisitions expanding the running ecosystem and increasing runner contact points, alongside further acquisition plans.","In addition, we made further progress in expanding our running ecosystem by bringing race registration companies in Spain and Thailand into the Group and deciding to acquire business assets of multiple race registration services in the United States, steadily increasing contact points with runners worldwide.",scored,0.9294939041137695,0.06199288368225098,0.008513163775205612,positive,0.9209807403385639,48,1,False
JPN25P600,asics,JPN,2025,False,Yasuhito Hirota,Message,PERF,Positive,Reports external awards and recognition as completed achievements across corporate functions.,"We also received multiple external recognitions in areas such as intellectual property (IP), corporate governance, and investor relations (IR), reflecting steady progress in our corporate functions.",scored,0.9456489682197571,0.041874781250953674,0.012476328760385513,positive,0.9331726394593716,35,1,False
JPN25P700,asics,JPN,2025,False,Yasuhito Hirota,Message,STRAT,Neutral/Mixed,States an ambition to accelerate progress and become the No. 1 global sports brand.,"However, ASICS is still growing. We will continue to accelerate our progress and aim to become the No. 1 global sports brand from Japan.",scored,0.9359326362609863,0.05323920026421547,0.010828153230249882,positive,0.9251044830307364,29,1,False
JPN25P800,asics,JPN,2025,False,Yasuhito Hirota,Message,STAKE,Neutral/Mixed,Describes investor dialogue and commitment to two-way communication. Investor appreciation does not establish a directional business outcome.,"In 2025, we began holding interactive IR briefings for individual investors. I attended sessions in Naha, Okinawa Prefecture; Sapporo, Hokkaido Prefecture; and Tokyo, where I had the opportunity to engage directly with participants. The comments that left a strong impression were, “It is thanks to ASICS shoes that I have been able to stay active at my age.” and “I hope you keep making shoes with this level of comfort.” The participant said they wanted to share this with me directly, which was an extremely rewarding moment. At the IR briefing held in March 2026, Outside Director Mitsuru Murai spoke on the intersection of sports and business, and all outside directors took part at the end of the session to offer their remarks. As a company that handles consumer goods, we aim to cultivate both loyal fans of ASICS and long-term shareholders, and we will continue to promote two-way communication going forward.",scored,0.49796217679977417,0.4904586672782898,0.011579137295484543,positive,0.4863830395042896,192,1,False
JPN25P900,asics,JPN,2025,False,Yasuhito Hirota,Message,STAKE,Positive,Reports increased direct institutional-investor engagement. Provisional coding: supplied PDF ends mid-paragraph after “great”; continuation is missing.,"We also had numerous opportunities to engage with institutional investors, whose insights have been highly valuable in areas such as corporate governance, capital policy, and product development. I have seen an increase in direct engagement from institutional investors, and hearing comments from them about how excited they are to see our growth has been a great",scored,0.9077804088592529,0.0817389115691185,0.010480692610144615,positive,0.8972997162491083,61,1,False
JPN25M100,mizuno,JPN,2025,False,Akito Mizuno,Message,STAKE,Neutral/Mixed,Opening statement expresses a commitment to sustainable growth with society.,Our Spirits of “A-mon” — Striving for Sustainable Growth Together with Society,scored,0.5032762885093689,0.47743767499923706,0.0192860197275877,positive,0.4839902687817812,18,1,False
JPN25M200,mizuno,JPN,2025,False,Akito Mizuno,Message,STAKE,Neutral/Mixed,Societal and environmental responsibility dominates. Describes challenges and collective-action commitments without a dominant realized outcome.,"As global environmental changes and social challenges accelerate, sustainability has become a vital guiding principle for both organizations and individuals. The impact of these changes on human life and ecosystems is deeply concerning, and we believe this issue calls for responsibility as human beings, even before it becomes a matter of business management. While our individual actions may seem small, we believe that collective efforts can create meaningful change. Mizuno is committed to doing what we can, and we aim to work hand in hand with diverse stakeholders to address these challenges.",scored,0.26906588673591614,0.7200770378112793,0.010857068002223969,neutral,0.25820881873369217,103,1,False
JPN25M300,mizuno,JPN,2025,False,Akito Mizuno,Message,STAKE,Positive,Describes the restored social value of sports and the return of spectators after the pandemic.,"Sports, in particular, have the power to transcend borders and generations, fostering communication and unlocking the potential of individuals and communities. During the COVID-19 pandemic, sports were at times deemed “non-essential,” but as the world recovered, I feel that the value of sports has increased even more than before. The return of spectators reminded us of the joy, inspiration, and hope that sports bring.",scored,0.3513026535511017,0.625178337097168,0.023518947884440422,neutral,0.32778370566666126,87,1,False
JPN25M400,mizuno,JPN,2025,False,Akito Mizuno,Message,STAKE,Neutral/Mixed,Describes sports-based environmental awareness initiatives and social responsibility. No measured societal improvement is established.,"This power can be harnessed to build a more prosperous and sustainable society. For example, the Japanese national football teamʼs respectful behavior—cleaning locker rooms and picking up trash—was widely reported and praised around the world. These actions highlight the influence of sports and athletes in shaping public awareness and behavior. At Mizuno, we encourage athletes to speak about environmental issues when they participate as speakers or instructors at lectures and clinics, believing that their words can inspire change. By leveraging the influence of sports and guided by our founding philosophy —“Contributing to society through the advancement of sporting goods and the promotion of sports”—we strive to be a company that inspires people to think “Letʼs do what we can do together with Mizuno” through various initiatives, including raising environmental awareness.",scored,0.23031708598136902,0.7581422924995422,0.011540637351572514,neutral,0.2187764486297965,161,1,False
JPN25M500,mizuno,JPN,2025,False,Akito Mizuno,Message,STRAT,Neutral/Mixed,"Explains the Purpose, Vision and Values established to guide future global growth; no realized growth outcome is reported.","In response to todayʼs rapid environmental changes and with the aim of expanding our business in the global market, in 2023, we established our Purpose, Vision, and Values to guide future growth.",scored,0.4718731641769409,0.5196103453636169,0.008516461588442326,neutral,0.4633567025884986,40,1,False
JPN25M600,mizuno,JPN,2025,False,Akito Mizuno,Message,PEOPLE,Neutral/Mixed,Focuses on shared employee values and principles guiding daily decisions and conduct.,"This has not only allowed all employees to reaffirm our companyʼs values, which we have upheld since our founding- We are persistent in bringing “A-mon” quality for the world. “A-mon” quality means not only products, services and programs made with fairness, craftsmanship, innovation, and to inspire. These principles now serve as the foundation for our daily decisions and actions.",scored,0.20198507606983185,0.7869369387626648,0.011077984236180782,neutral,0.19090709183365107,81,1,False
JPN25M700,mizuno,JPN,2025,False,Akito Mizuno,Message,STAKE,Neutral/Mixed,Explains fairness and social benefit above profit as guiding values and commitments.,"“A-mon” is not limited to products. While providing high-quality sporting goods is our core responsibility, the spirit of “A-mon” extends to services, employee conduct, and partnerships. It represents our pursuit of excellence in all aspects of our business. We have also embraced our founderʼs philosophy of “Justice above profit” as one of our core values—F for Fairness. This means always asking whether our actions are beneficial to society, rather than simply pursuing profit. This mindset will become increasingly important as we work toward a sustainable future.",scored,0.16450141370296478,0.8244913220405579,0.011007227003574371,neutral,0.1534941866993904,113,1,False
JPN25M800,mizuno,JPN,2025,False,Akito Mizuno,Message,STAKE,Neutral/Mixed,Connects corporate longevity with values and a continuing commitment to a sustainable society.,"The reason we have been able to continue our business for nearly 120 years is because of these values that have been passed down through generations. As we look ahead to the next century and beyond, we will remain committed to contributing to a more prosperous and sustainable society, guided by the principles we have upheld since our founding.",scored,0.6037818789482117,0.3849359452724457,0.011282127350568771,positive,0.5924997515976429,63,1,False
JPN25M900,mizuno,JPN,2025,False,Akito Mizuno,Message,STAKE,Neutral/Mixed,"Explains commitment to supporting participants in all sports, including less commercially attractive sports.","One of Mizunoʼs defining characteristics that embodies our philosophy of “Justice above profit” is our commitment to supporting all sports even for sports with few participants. Regardless of the number of participants, we want to deliver “A-mon” quality to people Rather than simply pursing competitiveness and profit, we believe that this approach reflects our mission to support people through sports and ultimately enhances our corporate value.",scored,0.5780319571495056,0.4117911756038666,0.010176840238273144,positive,0.5678551169112325,86,1,False
JPN25M1000,mizuno,JPN,2025,False,Akito Mizuno,Message,STRAT,Neutral/Mixed,"Describes expansion of sports expertise into workwear, heat solutions and healthy aging through new business models.","In recent years, we are also applying our knowledge and technology cultivated in the sports field to other fields. These include work apparel and safety gear designed for comfort in varying conditions, solutions to cope with extreme heat, initiatives to promote physical activity for healthy aging, and improvements to physical education environments. We are building new business models rooted in sports.",scored,0.2315893918275833,0.7602558135986328,0.008154775016009808,neutral,0.2234346168115735,68,1,False
JPN25M1100,mizuno,JPN,2025,False,Akito Mizuno,Message,PEOPLE,Positive,Employee innovation initiatives dominate. Reports over 800 ideas annually and proactive engagement.,"To develop new business and markets, we must foster a culture that promotes innovation and challenges the creation of new values. Mizuno has introduced initiatives such as the “10% Rule,” allowing employees to spend 10% of their working hours on personal projects, and an internal idea proposal system. These programs have generated over 800 ideas annually, encouraging proactive engagement.",scored,0.24085275828838348,0.7465569376945496,0.012590311467647552,neutral,0.22826244682073593,73,1,False
JPN25M1200,mizuno,JPN,2025,False,Akito Mizuno,Message,MARKET,Neutral/Mixed,"Describes tailoring products and marketing to regional cultures and needs, without a directional realized outcome.","Expanding in global markets requires a deep understanding of local cultures and needs. In the U.S., Europe, and Asia, we tailor our product and marketing mix that takes into account regional characteristics, while strengthening our commitment to sustainability.",scored,0.501095712184906,0.4908754229545593,0.008028866723179817,positive,0.4930668454617262,47,1,False
JPN25M1300,mizuno,JPN,2025,False,Akito Mizuno,Message,STRAT,Neutral/Mixed,"Describes digital transformation, a PLM system launch and innovation infrastructure. Intended benefits are not quantified realized outcomes.","To respond swiftly and flexibly to market changes and global demands, accelerating digital transformation (DX) is indispensable. We are advancing DX from multiple perspectives, including manufacturing, marketing, human resource development, and open innovation. In terms of product DX, in April 2025, we launched Centric PLM™, a system that seamlessly manages the entire product lifecycle. This enables efficient decision-making, transparent coordination with suppliers, and reduced environmental impact from design to disposal. Our innovation center, MIZUNO ENGINE, established in 2022, continues to leverage our strengths in sports development and technology to create diverse solutions that maximize the potential of sports.",scored,0.6003466844558716,0.39058631658554077,0.009067030623555183,positive,0.5912796538323164,136,1,False
JPN25M1400,mizuno,JPN,2025,False,Akito Mizuno,Message,STAKE,Neutral/Mixed,"Expresses gratitude to stakeholders and commitments to listening, societal contribution and continued cooperation.","Thanks to the support of our users and stakeholders, Mizuno has sustained its business for nearly 120 years. We are deeply grateful and remain committed to listening to society, accepting constructive feedback, and continuously evolving. Guided by our belief in “A-mon,” we will continue to pursue initiatives that contribute to a sustainable society with sincerity and conviction. We appreciate your continued support as we move forward together.",scored,0.8229687809944153,0.16885150969028473,0.00817970372736454,positive,0.8147890772670507,81,1,False
