ID,Company,Leadership_context,Information_valence,Sentiment_label,Sentiment_score,Comparison,Text
DEU25A602,adidas,MARKET,Positive,neutral,0.1705595795065164,Positive information / neutral sentiment,"With the Samba, the Gazelle, and the Spezial, we really brought the brand back to the young female consumer. This isn’t something that happens quickly, it’s built over time, and it’s very, very strong still. Then, I would call out how we extended the popularity of the Three Stripes from footwear to apparel. When you look at the sequence of that, it actually happened exactly that way. Running is another call-out, because it was the most difficult category for us to establish ourselves in at the top. Our teams have done a tremendous job, creating what – in my opinion – are the best running shoes. Once you have credibility at the top, winning marathons and setting records, it’s easier to be commercially successful in everyday running and comfort running products. And that is, of course, the plan. I could also call out the Predator in Football, the Adizero Dropset in Training, or so many other examples of great products in our Performance categories. I can’t point to one product or one segment. I am extremely proud to see what the teams have done. How creative and innovative we have been across the teams and categories. How the consumers have reacted to it the last three years showcases how good this brand is and the people behind it."
DEU25A702,adidas,MARKET,Positive,neutral,0.253682654350996,Positive information / neutral sentiment,"I had nothing to do with that because that idea, of course, came from our China team. They used the popularity of adidas to extend the range. I would say it’s a local marketing tool that has suddenly become a business. Again, it shows the creativity of the team. It shows that our teams on the ground know their consumers and what matters to them most. And it shows the impact of good ideas."
DEU25A1302,adidas,MARKET,Neutral/Mixed,positive,0.6345297563821077,Neutral/Mixed information / positive sentiment,"It depends on what time period you look at. If you go back to the beginning of my time in the industry, European brands were dominating. Then we had the American brands coming up, that was the first big change. Now we are seeing specialist brands coming up, focusing on just one or two categories, and local players trying to go global. So the amount of competitors has increased. But the awareness and the positiveness towards adidas has also increased. We are in a very, very attractive industry, because sports in all its dimensions will continue to grow. I also think on the lifestyle side that casualization will never stop, and I strongly believe that more and more people will be wearing sports shoes across all age groups because they’re the most comfortable choice. All of this is of course very good for us, because we are in many markets, we are in multiple categories, we have 76 years of history we can build on, and we have all the resources to continue our success. So, I see a very positive industry development for us for the future. Moving closer to the consumer locally is key to enabling our ability to successfully compete with all other brands."
DEU25A1602,adidas,STRAT,Neutral/Mixed,positive,0.8196003185585141,Neutral/Mixed information / positive sentiment,"2026 is a year where we will continue the momentum that we have. There is no doubt that the potential of this brand in this attractive market is to continue to grow a couple of billions every year. To do that on a consistent basis, we need to keep developing our people and keep working on the way we execute. Not only in front of the consumer, where we are very successful already. But also in the way we work. Just like athletes, we will continue to work hard on us, we will continue to adapt our processes to the changing environment so that we become an even better company and keep building an even stronger platform for the future."
DEU25P100,puma,STRAT,Neutral/Mixed,positive,0.8397217262536287,Neutral/Mixed information / positive sentiment,"That is why we made 2025 a year of reset and realigned our strategy. The aim is to establish PUMA as a Top 3 sports brand worldwide, return to above industry growth and create healthy profits in the medium term. PUMA will become one global sports brand with global product ranges and global storytelling across markets."
DEU25P200,puma,MARKET,Neutral/Mixed,positive,0.7923717498779297,Neutral/Mixed information / positive sentiment,"In doing so, we want to follow the winning principles of a leading sports brand. PUMA must be clearly positioned as a brand, the product development and storytelling processes must be better integrated, and the sales and go-to-market processes must be actively managed. With attractive products, exciting product stories and distribution in the right channels, we will be able to once again make our customers and consumers excited about PUMA."
DEU25P300,puma,MARKET,Neutral/Mixed,positive,0.8590172603726387,Neutral/Mixed information / positive sentiment,"To make PUMA less commercial, we have decided to withdraw from wholesale channels that damage our brand’s desirability. In doing so, we are also reducing sales promotion measures such as discounts in our own DTC business. At the same time, we will further develop our sales channel mix to aim for a higher DTC share and bring PUMA closer to the industry average."
DEU25P400,puma,MARKET,Neutral/Mixed,positive,0.5042427591979504,Neutral/Mixed information / positive sentiment,"In our product strategy, PUMA will focus on better positioning its various product icons. We firmly believe that PUMA, with its extensive archive, has a clear opportunity to better establish its product icons, such as the PUMA Suede. Within our categories, we will prioritise Football, Running, Training and Sportstyle Select/Prime. At the same time, we have created a structure for 2025 to better align the processes for product development and storytelling. This will enable us to create authentic and effective product stories that will convince both our wholesale partners and consumers."
DEU25P600,puma,STRAT,Neutral/Mixed,positive,0.9071110226213932,Neutral/Mixed information / positive sentiment,"Despite the challenges I have just described, I firmly believe in PUMA’s potential and successful future. I am convinced that with the reset in 2025, we have set the right course to return to growth after the transition year of 2026."
DEU25P700,puma,STAKE,Neutral/Mixed,positive,0.7017231844365597,Neutral/Mixed information / positive sentiment,"My thanks go to our employees, wholesale partners, suppliers, brand ambassadors and athletes who have been a part of PUMA in 2025. I’m also very grateful to our Supervisory Board for their support in implementing PUMA’s reset."
DEU25P800,puma,STAKE,Neutral/Mixed,positive,0.7540893200784922,Neutral/Mixed information / positive sentiment,"I would also like to thank you, dear shareholders, for your trust and support for the path we have chosen."
JPN25P100,asics,STRAT,Neutral/Mixed,positive,0.6295274281874299,Neutral/Mixed information / positive sentiment,Aiming to be the No. 1 Global Sports Brand
JPN25P700,asics,STRAT,Neutral/Mixed,positive,0.9251044830307364,Neutral/Mixed information / positive sentiment,"However, ASICS is still growing. We will continue to accelerate our progress and aim to become the No. 1 global sports brand from Japan."
JPN25P800,asics,STAKE,Neutral/Mixed,positive,0.4863830395042896,Neutral/Mixed information / positive sentiment,"In 2025, we began holding interactive IR briefings for individual investors. I attended sessions in Naha, Okinawa Prefecture; Sapporo, Hokkaido Prefecture; and Tokyo, where I had the opportunity to engage directly with participants. The comments that left a strong impression were, “It is thanks to ASICS shoes that I have been able to stay active at my age.” and “I hope you keep making shoes with this level of comfort.” The participant said they wanted to share this with me directly, which was an extremely rewarding moment. At the IR briefing held in March 2026, Outside Director Mitsuru Murai spoke on the intersection of sports and business, and all outside directors took part at the end of the session to offer their remarks. As a company that handles consumer goods, we aim to cultivate both loyal fans of ASICS and long-term shareholders, and we will continue to promote two-way communication going forward."
JPN25M100,mizuno,STAKE,Neutral/Mixed,positive,0.4839902687817812,Neutral/Mixed information / positive sentiment,Our Spirits of “A-mon” — Striving for Sustainable Growth Together with Society
JPN25M300,mizuno,STAKE,Positive,neutral,0.3277837056666612,Positive information / neutral sentiment,"Sports, in particular, have the power to transcend borders and generations, fostering communication and unlocking the potential of individuals and communities. During the COVID-19 pandemic, sports were at times deemed “non-essential,” but as the world recovered, I feel that the value of sports has increased even more than before. The return of spectators reminded us of the joy, inspiration, and hope that sports bring."
JPN25M800,mizuno,STAKE,Neutral/Mixed,positive,0.5924997515976429,Neutral/Mixed information / positive sentiment,"The reason we have been able to continue our business for nearly 120 years is because of these values that have been passed down through generations. As we look ahead to the next century and beyond, we will remain committed to contributing to a more prosperous and sustainable society, guided by the principles we have upheld since our founding."
JPN25M900,mizuno,STAKE,Neutral/Mixed,positive,0.5678551169112325,Neutral/Mixed information / positive sentiment,"One of Mizunoʼs defining characteristics that embodies our philosophy of “Justice above profit” is our commitment to supporting all sports even for sports with few participants. Regardless of the number of participants, we want to deliver “A-mon” quality to people Rather than simply pursing competitiveness and profit, we believe that this approach reflects our mission to support people through sports and ultimately enhances our corporate value."
JPN25M1100,mizuno,PEOPLE,Positive,neutral,0.2282624468207359,Positive information / neutral sentiment,"To develop new business and markets, we must foster a culture that promotes innovation and challenges the creation of new values. Mizuno has introduced initiatives such as the “10% Rule,” allowing employees to spend 10% of their working hours on personal projects, and an internal idea proposal system. These programs have generated over 800 ideas annually, encouraging proactive engagement."
JPN25M1200,mizuno,MARKET,Neutral/Mixed,positive,0.4930668454617262,Neutral/Mixed information / positive sentiment,"Expanding in global markets requires a deep understanding of local cultures and needs. In the U.S., Europe, and Asia, we tailor our product and marketing mix that takes into account regional characteristics, while strengthening our commitment to sustainability."
JPN25M1300,mizuno,STRAT,Neutral/Mixed,positive,0.5912796538323164,Neutral/Mixed information / positive sentiment,"To respond swiftly and flexibly to market changes and global demands, accelerating digital transformation (DX) is indispensable. We are advancing DX from multiple perspectives, including manufacturing, marketing, human resource development, and open innovation. In terms of product DX, in April 2025, we launched Centric PLM™, a system that seamlessly manages the entire product lifecycle. This enables efficient decision-making, transparent coordination with suppliers, and reduced environmental impact from design to disposal. Our innovation center, MIZUNO ENGINE, established in 2022, continues to leverage our strengths in sports development and technology to create diverse solutions that maximize the potential of sports."
JPN25M1400,mizuno,STAKE,Neutral/Mixed,positive,0.8147890772670507,Neutral/Mixed information / positive sentiment,"Thanks to the support of our users and stakeholders, Mizuno has sustained its business for nearly 120 years. We are deeply grateful and remain committed to listening to society, accepting constructive feedback, and continuously evolving. Guided by our belief in “A-mon,” we will continue to pursue initiatives that contribute to a sustainable society with sincerity and conviction. We appreciate your continued support as we move forward together."
